Danju,Level,Type,S_mob,HP,Armor,Attack
SpiderNestGenerator,1,monster,105.0,75.6,18.9,10.5
SpiderNestGenerator,2,monster,110.0,79.2,19.8,11.0
SpiderNestGenerator,3,monster,115.0,82.8,20.7,11.5
SpiderNestGenerator,4,monster,120.0,86.4,21.6,12.0
SpiderNestGenerator,5,monster,125.0,90.0,22.5,12.5
SpiderNestGenerator,6,monster,130.0,93.6,23.4,13.0
SpiderNestGenerator,7,monster,135.0,97.2,24.3,13.5
SpiderNestGenerator,8,monster,140.0,100.8,25.2,14.0
SpiderNestGenerator,9,monster,145.0,104.4,26.1,14.5
SpiderNestGenerator,10,miniboss,150.0,184.5,40.5,11.25
SpiderNestGenerator,11,monster,155.0,111.6,27.9,15.5
SpiderNestGenerator,12,monster,160.0,115.2,28.8,16.0
SpiderNestGenerator,13,monster,165.0,118.8,29.7,16.5
SpiderNestGenerator,14,monster,170.0,122.4,30.6,17.0
SpiderNestGenerator,15,monster,175.0,126.0,31.5,17.5
SpiderNestGenerator,16,monster,180.0,129.6,32.4,18.0
SpiderNestGenerator,17,monster,185.0,133.2,33.3,18.5
SpiderNestGenerator,18,monster,190.0,136.8,34.2,19.0
SpiderNestGenerator,19,monster,195.0,140.4,35.1,19.5
SpiderNestGenerator,20,miniboss,200.0,246.0,54.0,15.0
SpiderNestGenerator,21,monster,205.0,147.6,36.9,20.5
SpiderNestGenerator,22,monster,210.0,151.2,37.8,21.0
SpiderNestGenerator,23,monster,215.0,154.8,38.7,21.5
SpiderNestGenerator,24,monster,220.0,158.4,39.6,22.0
SpiderNestGenerator,25,monster,225.0,162.0,40.5,22.5
SpiderNestGenerator,26,monster,230.0,165.6,41.4,23.0
SpiderNestGenerator,27,monster,235.0,169.2,42.3,23.5
SpiderNestGenerator,28,monster,240.0,172.8,43.2,24.0
SpiderNestGenerator,29,monster,245.0,176.4,44.1,24.5
SpiderNestGenerator,30,miniboss,250.0,307.5,67.5,18.75
SpiderNestGenerator,31,monster,255.0,183.6,45.9,25.5
SpiderNestGenerator,32,monster,260.0,187.2,46.8,26.0
SpiderNestGenerator,33,monster,265.0,190.8,47.7,26.5
SpiderNestGenerator,34,monster,270.0,194.4,48.6,27.0
SpiderNestGenerator,35,monster,275.0,198.0,49.5,27.5
SpiderNestGenerator,36,monster,280.0,201.6,50.4,28.0
SpiderNestGenerator,37,monster,285.0,205.2,51.3,28.5
SpiderNestGenerator,38,monster,290.0,208.8,52.2,29.0
SpiderNestGenerator,39,monster,295.0,212.4,53.1,29.5
SpiderNestGenerator,40,miniboss,300.0,369.0,81.0,22.5
SpiderNestGenerator,41,monster,305.0,219.6,54.9,30.5
SpiderNestGenerator,42,monster,310.0,223.2,55.8,31.0
SpiderNestGenerator,43,monster,315.0,226.8,56.7,31.5
SpiderNestGenerator,44,monster,320.0,230.4,57.6,32.0
SpiderNestGenerator,45,monster,325.0,234.0,58.5,32.5
SpiderNestGenerator,46,monster,330.0,237.6,59.4,33.0
SpiderNestGenerator,47,monster,335.0,241.2,60.3,33.5
SpiderNestGenerator,48,monster,340.0,244.8,61.2,34.0
SpiderNestGenerator,49,monster,345.0,248.4,62.1,34.5
SpiderNestGenerator,50,boss50,350.0,682.5,157.5,35.0
SpiderNestGenerator,51,monster,355.0,255.6,63.9,35.5
SpiderNestGenerator,52,monster,360.0,259.2,64.8,36.0
SpiderNestGenerator,53,monster,365.0,262.8,65.7,36.5
SpiderNestGenerator,54,monster,370.0,266.4,66.6,37.0
SpiderNestGenerator,55,monster,375.0,270.0,67.5,37.5
SpiderNestGenerator,56,monster,380.0,273.6,68.4,38.0
SpiderNestGenerator,57,monster,385.0,277.2,69.3,38.5
SpiderNestGenerator,58,monster,390.0,280.8,70.2,39.0
SpiderNestGenerator,59,monster,395.0,284.4,71.1,39.5
SpiderNestGenerator,60,miniboss,400.0,492.0,108.0,30.0
SpiderNestGenerator,61,monster,405.0,291.6,72.9,40.5
SpiderNestGenerator,62,monster,410.0,295.2,73.8,41.0
SpiderNestGenerator,63,monster,415.0,298.8,74.7,41.5
SpiderNestGenerator,64,monster,420.0,302.4,75.6,42.0
SpiderNestGenerator,65,monster,425.0,306.0,76.5,42.5
SpiderNestGenerator,66,monster,430.0,309.6,77.4,43.0
SpiderNestGenerator,67,monster,435.0,313.2,78.3,43.5
SpiderNestGenerator,68,monster,440.0,316.8,79.2,44.0
SpiderNestGenerator,69,monster,445.0,320.4,80.1,44.5
SpiderNestGenerator,70,miniboss,450.0,553.5,121.5,33.75
SpiderNestGenerator,71,monster,455.0,327.6,81.9,45.5
SpiderNestGenerator,72,monster,460.0,331.2,82.8,46.0
SpiderNestGenerator,73,monster,465.0,334.8,83.7,46.5
SpiderNestGenerator,74,monster,470.0,338.4,84.6,47.0
SpiderNestGenerator,75,monster,475.0,342.0,85.5,47.5
SpiderNestGenerator,76,monster,480.0,345.6,86.4,48.0
SpiderNestGenerator,77,monster,485.0,349.2,87.3,48.5
SpiderNestGenerator,78,monster,490.0,352.8,88.2,49.0
SpiderNestGenerator,79,monster,495.0,356.4,89.1,49.5
SpiderNestGenerator,80,miniboss,500.0,615.0,135.0,37.5
SpiderNestGenerator,81,monster,505.0,363.6,90.9,50.5
SpiderNestGenerator,82,monster,510.0,367.2,91.8,51.0
SpiderNestGenerator,83,monster,515.0,370.8,92.7,51.5
SpiderNestGenerator,84,monster,520.0,374.4,93.6,52.0
SpiderNestGenerator,85,monster,525.0,378.0,94.5,52.5
SpiderNestGenerator,86,monster,530.0,381.6,95.4,53.0
SpiderNestGenerator,87,monster,535.0,385.2,96.3,53.5
SpiderNestGenerator,88,monster,540.0,388.8,97.2,54.0
SpiderNestGenerator,89,monster,545.0,392.4,98.1,54.5
SpiderNestGenerator,90,miniboss,550.0,676.5,148.5,41.25
SpiderNestGenerator,91,monster,555.0,399.6,99.9,55.5
SpiderNestGenerator,92,monster,560.0,403.2,100.8,56.0
SpiderNestGenerator,93,monster,565.0,406.8,101.7,56.5
SpiderNestGenerator,94,monster,570.0,410.4,102.6,57.0
SpiderNestGenerator,95,monster,575.0,414.0,103.5,57.5
SpiderNestGenerator,96,monster,580.0,417.6,104.4,58.0
SpiderNestGenerator,97,monster,585.0,421.2,105.3,58.5
SpiderNestGenerator,98,monster,590.0,424.8,106.2,59.0
SpiderNestGenerator,99,monster,595.0,428.4,107.1,59.5
SpiderNestGenerator,100,boss100,600.0,1920.0,480.0,72.0
BoneDemonDungeonGenerator,1,monster,210.0,151.2,37.8,21.0
BoneDemonDungeonGenerator,2,monster,220.0,158.4,39.6,22.0
BoneDemonDungeonGenerator,3,monster,230.0,165.6,41.4,23.0
BoneDemonDungeonGenerator,4,monster,240.0,172.8,43.2,24.0
BoneDemonDungeonGenerator,5,monster,250.0,180.0,45.0,25.0
BoneDemonDungeonGenerator,6,monster,260.0,187.2,46.8,26.0
BoneDemonDungeonGenerator,7,monster,270.0,194.4,48.6,27.0
BoneDemonDungeonGenerator,8,monster,280.0,201.6,50.4,28.0
BoneDemonDungeonGenerator,9,monster,290.0,208.8,52.2,29.0
BoneDemonDungeonGenerator,10,miniboss,300.0,369.0,81.0,22.5
BoneDemonDungeonGenerator,11,monster,310.0,223.2,55.8,31.0
BoneDemonDungeonGenerator,12,monster,320.0,230.4,57.6,32.0
BoneDemonDungeonGenerator,13,monster,330.0,237.6,59.4,33.0
BoneDemonDungeonGenerator,14,monster,340.0,244.8,61.2,34.0
BoneDemonDungeonGenerator,15,monster,350.0,252.0,63.0,35.0
BoneDemonDungeonGenerator,16,monster,360.0,259.2,64.8,36.0
BoneDemonDungeonGenerator,17,monster,370.0,266.4,66.6,37.0
BoneDemonDungeonGenerator,18,monster,380.0,273.6,68.4,38.0
BoneDemonDungeonGenerator,19,monster,390.0,280.8,70.2,39.0
BoneDemonDungeonGenerator,20,miniboss,400.0,492.0,108.0,30.0
BoneDemonDungeonGenerator,21,monster,410.0,295.2,73.8,41.0
BoneDemonDungeonGenerator,22,monster,420.0,302.4,75.6,42.0
BoneDemonDungeonGenerator,23,monster,430.0,309.6,77.4,43.0
BoneDemonDungeonGenerator,24,monster,440.0,316.8,79.2,44.0
BoneDemonDungeonGenerator,25,monster,450.0,324.0,81.0,45.0
BoneDemonDungeonGenerator,26,monster,460.0,331.2,82.8,46.0
BoneDemonDungeonGenerator,27,monster,470.0,338.4,84.6,47.0
BoneDemonDungeonGenerator,28,monster,480.0,345.6,86.4,48.0
BoneDemonDungeonGenerator,29,monster,490.0,352.8,88.2,49.0
BoneDemonDungeonGenerator,30,miniboss,500.0,615.0,135.0,37.5
BoneDemonDungeonGenerator,31,monster,510.0,367.2,91.8,51.0
BoneDemonDungeonGenerator,32,monster,520.0,374.4,93.6,52.0
BoneDemonDungeonGenerator,33,monster,530.0,381.6,95.4,53.0
BoneDemonDungeonGenerator,34,monster,540.0,388.8,97.2,54.0
BoneDemonDungeonGenerator,35,monster,550.0,396.0,99.0,55.0
BoneDemonDungeonGenerator,36,monster,560.0,403.2,100.8,56.0
BoneDemonDungeonGenerator,37,monster,570.0,410.4,102.6,57.0
BoneDemonDungeonGenerator,38,monster,580.0,417.6,104.4,58.0
BoneDemonDungeonGenerator,39,monster,590.0,424.8,106.2,59.0
BoneDemonDungeonGenerator,40,miniboss,600.0,738.0,162.0,45.0
BoneDemonDungeonGenerator,41,monster,610.0,439.2,109.8,61.0
BoneDemonDungeonGenerator,42,monster,620.0,446.4,111.6,62.0
BoneDemonDungeonGenerator,43,monster,630.0,453.6,113.4,63.0
BoneDemonDungeonGenerator,44,monster,640.0,460.8,115.2,64.0
BoneDemonDungeonGenerator,45,monster,650.0,468.0,117.0,65.0
BoneDemonDungeonGenerator,46,monster,660.0,475.2,118.8,66.0
BoneDemonDungeonGenerator,47,monster,670.0,482.4,120.6,67.0
BoneDemonDungeonGenerator,48,monster,680.0,489.6,122.4,68.0
BoneDemonDungeonGenerator,49,monster,690.0,496.8,124.2,69.0
BoneDemonDungeonGenerator,50,boss50,700.0,1365.0,315.0,70.0
BoneDemonDungeonGenerator,51,monster,710.0,511.2,127.8,71.0
BoneDemonDungeonGenerator,52,monster,720.0,518.4,129.6,72.0
BoneDemonDungeonGenerator,53,monster,730.0,525.6,131.4,73.0
BoneDemonDungeonGenerator,54,monster,740.0,532.8,133.2,74.0
BoneDemonDungeonGenerator,55,monster,750.0,540.0,135.0,75.0
BoneDemonDungeonGenerator,56,monster,760.0,547.2,136.8,76.0
BoneDemonDungeonGenerator,57,monster,770.0,554.4,138.6,77.0
BoneDemonDungeonGenerator,58,monster,780.0,561.6,140.4,78.0
BoneDemonDungeonGenerator,59,monster,790.0,568.8,142.2,79.0
BoneDemonDungeonGenerator,60,miniboss,800.0,984.0,216.0,60.0
BoneDemonDungeonGenerator,61,monster,810.0,583.2,145.8,81.0
BoneDemonDungeonGenerator,62,monster,820.0,590.4,147.6,82.0
BoneDemonDungeonGenerator,63,monster,830.0,597.6,149.4,83.0
BoneDemonDungeonGenerator,64,monster,840.0,604.8,151.2,84.0
BoneDemonDungeonGenerator,65,monster,850.0,612.0,153.0,85.0
BoneDemonDungeonGenerator,66,monster,860.0,619.2,154.8,86.0
BoneDemonDungeonGenerator,67,monster,870.0,626.4,156.6,87.0
BoneDemonDungeonGenerator,68,monster,880.0,633.6,158.4,88.0
BoneDemonDungeonGenerator,69,monster,890.0,640.8,160.2,89.0
BoneDemonDungeonGenerator,70,miniboss,900.0,1107.0,243.0,67.5
BoneDemonDungeonGenerator,71,monster,910.0,655.2,163.8,91.0
BoneDemonDungeonGenerator,72,monster,920.0,662.4,165.6,92.0
BoneDemonDungeonGenerator,73,monster,930.0,669.6,167.4,93.0
BoneDemonDungeonGenerator,74,monster,940.0,676.8,169.2,94.0
BoneDemonDungeonGenerator,75,monster,950.0,684.0,171.0,95.0
BoneDemonDungeonGenerator,76,monster,960.0,691.2,172.8,96.0
BoneDemonDungeonGenerator,77,monster,970.0,698.4,174.6,97.0
BoneDemonDungeonGenerator,78,monster,980.0,705.6,176.4,98.0
BoneDemonDungeonGenerator,79,monster,990.0,712.8,178.2,99.0
BoneDemonDungeonGenerator,80,miniboss,1000.0,1230.0,270.0,75.0
BoneDemonDungeonGenerator,81,monster,1010.0,727.2,181.8,101.0
BoneDemonDungeonGenerator,82,monster,1020.0,734.4,183.6,102.0
BoneDemonDungeonGenerator,83,monster,1030.0,741.6,185.4,103.0
BoneDemonDungeonGenerator,84,monster,1040.0,748.8,187.2,104.0
BoneDemonDungeonGenerator,85,monster,1050.0,756.0,189.0,105.0
BoneDemonDungeonGenerator,86,monster,1060.0,763.2,190.8,106.0
BoneDemonDungeonGenerator,87,monster,1070.0,770.4,192.6,107.0
BoneDemonDungeonGenerator,88,monster,1080.0,777.6,194.4,108.0
BoneDemonDungeonGenerator,89,monster,1090.0,784.8,196.2,109.0
BoneDemonDungeonGenerator,90,miniboss,1100.0,1353.0,297.0,82.5
BoneDemonDungeonGenerator,91,monster,1110.0,799.2,199.8,111.0
BoneDemonDungeonGenerator,92,monster,1120.0,806.4,201.6,112.0
BoneDemonDungeonGenerator,93,monster,1130.0,813.6,203.4,113.0
BoneDemonDungeonGenerator,94,monster,1140.0,820.8,205.2,114.0
BoneDemonDungeonGenerator,95,monster,1150.0,828.0,207.0,115.0
BoneDemonDungeonGenerator,96,monster,1160.0,835.2,208.8,116.0
BoneDemonDungeonGenerator,97,monster,1170.0,842.4,210.6,117.0
BoneDemonDungeonGenerator,98,monster,1180.0,849.6,212.4,118.0
BoneDemonDungeonGenerator,99,monster,1190.0,856.8,214.2,119.0
BoneDemonDungeonGenerator,100,boss100,1200.0,3840.0,960.0,144.0
DarkMageTowerGenerator,1,monster,315.0,226.8,56.7,31.5
DarkMageTowerGenerator,2,monster,330.0,237.6,59.4,33.0
DarkMageTowerGenerator,3,monster,345.0,248.4,62.1,34.5
DarkMageTowerGenerator,4,monster,360.0,259.2,64.8,36.0
DarkMageTowerGenerator,5,monster,375.0,270.0,67.5,37.5
DarkMageTowerGenerator,6,monster,390.0,280.8,70.2,39.0
DarkMageTowerGenerator,7,monster,405.0,291.6,72.9,40.5
DarkMageTowerGenerator,8,monster,420.0,302.4,75.6,42.0
DarkMageTowerGenerator,9,monster,435.0,313.2,78.3,43.5
DarkMageTowerGenerator,10,miniboss,450.0,553.5,121.5,33.75
DarkMageTowerGenerator,11,monster,465.0,334.8,83.7,46.5
DarkMageTowerGenerator,12,monster,480.0,345.6,86.4,48.0
DarkMageTowerGenerator,13,monster,495.0,356.4,89.1,49.5
DarkMageTowerGenerator,14,monster,510.0,367.2,91.8,51.0
DarkMageTowerGenerator,15,monster,525.0,378.0,94.5,52.5
DarkMageTowerGenerator,16,monster,540.0,388.8,97.2,54.0
DarkMageTowerGenerator,17,monster,555.0,399.6,99.9,55.5
DarkMageTowerGenerator,18,monster,570.0,410.4,102.6,57.0
DarkMageTowerGenerator,19,monster,585.0,421.2,105.3,58.5
DarkMageTowerGenerator,20,miniboss,600.0,738.0,162.0,45.0
DarkMageTowerGenerator,21,monster,615.0,442.8,110.7,61.5
DarkMageTowerGenerator,22,monster,630.0,453.6,113.4,63.0
DarkMageTowerGenerator,23,monster,645.0,464.4,116.1,64.5
DarkMageTowerGenerator,24,monster,660.0,475.2,118.8,66.0
DarkMageTowerGenerator,25,monster,675.0,486.0,121.5,67.5
DarkMageTowerGenerator,26,monster,690.0,496.8,124.2,69.0
DarkMageTowerGenerator,27,monster,705.0,507.6,126.9,70.5
DarkMageTowerGenerator,28,monster,720.0,518.4,129.6,72.0
DarkMageTowerGenerator,29,monster,735.0,529.2,132.3,73.5
DarkMageTowerGenerator,30,miniboss,750.0,922.5,202.5,56.25
DarkMageTowerGenerator,31,monster,765.0,550.8,137.7,76.5
DarkMageTowerGenerator,32,monster,780.0,561.6,140.4,78.0
DarkMageTowerGenerator,33,monster,795.0,572.4,143.1,79.5
DarkMageTowerGenerator,34,monster,810.0,583.2,145.8,81.0
DarkMageTowerGenerator,35,monster,825.0,594.0,148.5,82.5
DarkMageTowerGenerator,36,monster,840.0,604.8,151.2,84.0
DarkMageTowerGenerator,37,monster,855.0,615.6,153.9,85.5
DarkMageTowerGenerator,38,monster,870.0,626.4,156.6,87.0
DarkMageTowerGenerator,39,monster,885.0,637.2,159.3,88.5
DarkMageTowerGenerator,40,miniboss,900.0,1107.0,243.0,67.5
DarkMageTowerGenerator,41,monster,915.0,658.8,164.7,91.5
DarkMageTowerGenerator,42,monster,930.0,669.6,167.4,93.0
DarkMageTowerGenerator,43,monster,945.0,680.4,170.1,94.5
DarkMageTowerGenerator,44,monster,960.0,691.2,172.8,96.0
DarkMageTowerGenerator,45,monster,975.0,702.0,175.5,97.5
DarkMageTowerGenerator,46,monster,990.0,712.8,178.2,99.0
DarkMageTowerGenerator,47,monster,1005.0,723.6,180.9,100.5
DarkMageTowerGenerator,48,monster,1020.0,734.4,183.6,102.0
DarkMageTowerGenerator,49,monster,1035.0,745.2,186.3,103.5
DarkMageTowerGenerator,50,boss50,1050.0,2047.5,472.5,105.0
DarkMageTowerGenerator,51,monster,1065.0,766.8,191.7,106.5
DarkMageTowerGenerator,52,monster,1080.0,777.6,194.4,108.0
DarkMageTowerGenerator,53,monster,1095.0,788.4,197.1,109.5
DarkMageTowerGenerator,54,monster,1110.0,799.2,199.8,111.0
DarkMageTowerGenerator,55,monster,1125.0,810.0,202.5,112.5
DarkMageTowerGenerator,56,monster,1140.0,820.8,205.2,114.0
DarkMageTowerGenerator,57,monster,1155.0,831.6,207.9,115.5
DarkMageTowerGenerator,58,monster,1170.0,842.4,210.6,117.0
DarkMageTowerGenerator,59,monster,1185.0,853.2,213.3,118.5
DarkMageTowerGenerator,60,miniboss,1200.0,1476.0,324.0,90.0
DarkMageTowerGenerator,61,monster,1215.0,874.8,218.7,121.5
DarkMageTowerGenerator,62,monster,1230.0,885.6,221.4,123.0
DarkMageTowerGenerator,63,monster,1245.0,896.4,224.1,124.5
DarkMageTowerGenerator,64,monster,1260.0,907.2,226.8,126.0
DarkMageTowerGenerator,65,monster,1275.0,918.0,229.5,127.5
DarkMageTowerGenerator,66,monster,1290.0,928.8,232.2,129.0
DarkMageTowerGenerator,67,monster,1305.0,939.6,234.9,130.5
DarkMageTowerGenerator,68,monster,1320.0,950.4,237.6,132.0
DarkMageTowerGenerator,69,monster,1335.0,961.2,240.3,133.5
DarkMageTowerGenerator,70,miniboss,1350.0,1660.5,364.5,101.25
DarkMageTowerGenerator,71,monster,1365.0,982.8,245.7,136.5
DarkMageTowerGenerator,72,monster,1380.0,993.6,248.4,138.0
DarkMageTowerGenerator,73,monster,1395.0,1004.4,251.1,139.5
DarkMageTowerGenerator,74,monster,1410.0,1015.2,253.8,141.0
DarkMageTowerGenerator,75,monster,1425.0,1026.0,256.5,142.5
DarkMageTowerGenerator,76,monster,1440.0,1036.8,259.2,144.0
DarkMageTowerGenerator,77,monster,1455.0,1047.6,261.9,145.5
DarkMageTowerGenerator,78,monster,1470.0,1058.4,264.6,147.0
DarkMageTowerGenerator,79,monster,1485.0,1069.2,267.3,148.5
DarkMageTowerGenerator,80,miniboss,1500.0,1845.0,405.0,112.5
DarkMageTowerGenerator,81,monster,1515.0,1090.8,272.7,151.5
DarkMageTowerGenerator,82,monster,1530.0,1101.6,275.4,153.0
DarkMageTowerGenerator,83,monster,1545.0,1112.4,278.1,154.5
DarkMageTowerGenerator,84,monster,1560.0,1123.2,280.8,156.0
DarkMageTowerGenerator,85,monster,1575.0,1134.0,283.5,157.5
DarkMageTowerGenerator,86,monster,1590.0,1144.8,286.2,159.0
DarkMageTowerGenerator,87,monster,1605.0,1155.6,288.9,160.5
DarkMageTowerGenerator,88,monster,1620.0,1166.4,291.6,162.0
DarkMageTowerGenerator,89,monster,1635.0,1177.2,294.3,163.5
DarkMageTowerGenerator,90,miniboss,1650.0,2029.5,445.5,123.75
DarkMageTowerGenerator,91,monster,1665.0,1198.8,299.7,166.5
DarkMageTowerGenerator,92,monster,1680.0,1209.6,302.4,168.0
DarkMageTowerGenerator,93,monster,1695.0,1220.4,305.1,169.5
DarkMageTowerGenerator,94,monster,1710.0,1231.2,307.8,171.0
DarkMageTowerGenerator,95,monster,1725.0,1242.0,310.5,172.5
DarkMageTowerGenerator,96,monster,1740.0,1252.8,313.2,174.0
DarkMageTowerGenerator,97,monster,1755.0,1263.6,315.9,175.5
DarkMageTowerGenerator,98,monster,1770.0,1274.4,318.6,177.0
DarkMageTowerGenerator,99,monster,1785.0,1285.2,321.3,178.5
DarkMageTowerGenerator,100,boss100,1800.0,5760.0,1440.0,216.0
ForgottenSoulsCave,1,monster,420.0,302.4,75.6,42.0
ForgottenSoulsCave,2,monster,440.0,316.8,79.2,44.0
ForgottenSoulsCave,3,monster,460.0,331.2,82.8,46.0
ForgottenSoulsCave,4,monster,480.0,345.6,86.4,48.0
ForgottenSoulsCave,5,monster,500.0,360.0,90.0,50.0
ForgottenSoulsCave,6,monster,520.0,374.4,93.6,52.0
ForgottenSoulsCave,7,monster,540.0,388.8,97.2,54.0
ForgottenSoulsCave,8,monster,560.0,403.2,100.8,56.0
ForgottenSoulsCave,9,monster,580.0,417.6,104.4,58.0
ForgottenSoulsCave,10,miniboss,600.0,738.0,162.0,45.0
ForgottenSoulsCave,11,monster,620.0,446.4,111.6,62.0
ForgottenSoulsCave,12,monster,640.0,460.8,115.2,64.0
ForgottenSoulsCave,13,monster,660.0,475.2,118.8,66.0
ForgottenSoulsCave,14,monster,680.0,489.6,122.4,68.0
ForgottenSoulsCave,15,monster,700.0,504.0,126.0,70.0
ForgottenSoulsCave,16,monster,720.0,518.4,129.6,72.0
ForgottenSoulsCave,17,monster,740.0,532.8,133.2,74.0
ForgottenSoulsCave,18,monster,760.0,547.2,136.8,76.0
ForgottenSoulsCave,19,monster,780.0,561.6,140.4,78.0
ForgottenSoulsCave,20,miniboss,800.0,984.0,216.0,60.0
ForgottenSoulsCave,21,monster,820.0,590.4,147.6,82.0
ForgottenSoulsCave,22,monster,840.0,604.8,151.2,84.0
ForgottenSoulsCave,23,monster,860.0,619.2,154.8,86.0
ForgottenSoulsCave,24,monster,880.0,633.6,158.4,88.0
ForgottenSoulsCave,25,monster,900.0,648.0,162.0,90.0
ForgottenSoulsCave,26,monster,920.0,662.4,165.6,92.0
ForgottenSoulsCave,27,monster,940.0,676.8,169.2,94.0
ForgottenSoulsCave,28,monster,960.0,691.2,172.8,96.0
ForgottenSoulsCave,29,monster,980.0,705.6,176.4,98.0
ForgottenSoulsCave,30,miniboss,1000.0,1230.0,270.0,75.0
ForgottenSoulsCave,31,monster,1020.0,734.4,183.6,102.0
ForgottenSoulsCave,32,monster,1040.0,748.8,187.2,104.0
ForgottenSoulsCave,33,monster,1060.0,763.2,190.8,106.0
ForgottenSoulsCave,34,monster,1080.0,777.6,194.4,108.0
ForgottenSoulsCave,35,monster,1100.0,792.0,198.0,110.0
ForgottenSoulsCave,36,monster,1120.0,806.4,201.6,112.0
ForgottenSoulsCave,37,monster,1140.0,820.8,205.2,114.0
ForgottenSoulsCave,38,monster,1160.0,835.2,208.8,116.0
ForgottenSoulsCave,39,monster,1180.0,849.6,212.4,118.0
ForgottenSoulsCave,40,miniboss,1200.0,1476.0,324.0,90.0
ForgottenSoulsCave,41,monster,1220.0,878.4,219.6,122.0
ForgottenSoulsCave,42,monster,1240.0,892.8,223.2,124.0
ForgottenSoulsCave,43,monster,1260.0,907.2,226.8,126.0
ForgottenSoulsCave,44,monster,1280.0,921.6,230.4,128.0
ForgottenSoulsCave,45,monster,1300.0,936.0,234.0,130.0
ForgottenSoulsCave,46,monster,1320.0,950.4,237.6,132.0
ForgottenSoulsCave,47,monster,1340.0,964.8,241.2,134.0
ForgottenSoulsCave,48,monster,1360.0,979.2,244.8,136.0
ForgottenSoulsCave,49,monster,1380.0,993.6,248.4,138.0
ForgottenSoulsCave,50,boss50,1400.0,2730.0,630.0,140.0
ForgottenSoulsCave,51,monster,1420.0,1022.4,255.6,142.0
ForgottenSoulsCave,52,monster,1440.0,1036.8,259.2,144.0
ForgottenSoulsCave,53,monster,1460.0,1051.2,262.8,146.0
ForgottenSoulsCave,54,monster,1480.0,1065.6,266.4,148.0
ForgottenSoulsCave,55,monster,1500.0,1080.0,270.0,150.0
ForgottenSoulsCave,56,monster,1520.0,1094.4,273.6,152.0
ForgottenSoulsCave,57,monster,1540.0,1108.8,277.2,154.0
ForgottenSoulsCave,58,monster,1560.0,1123.2,280.8,156.0
ForgottenSoulsCave,59,monster,1580.0,1137.6,284.4,158.0
ForgottenSoulsCave,60,miniboss,1600.0,1968.0,432.0,120.0
ForgottenSoulsCave,61,monster,1620.0,1166.4,291.6,162.0
ForgottenSoulsCave,62,monster,1640.0,1180.8,295.2,164.0
ForgottenSoulsCave,63,monster,1660.0,1195.2,298.8,166.0
ForgottenSoulsCave,64,monster,1680.0,1209.6,302.4,168.0
ForgottenSoulsCave,65,monster,1700.0,1224.0,306.0,170.0
ForgottenSoulsCave,66,monster,1720.0,1238.4,309.6,172.0
ForgottenSoulsCave,67,monster,1740.0,1252.8,313.2,174.0
ForgottenSoulsCave,68,monster,1760.0,1267.2,316.8,176.0
ForgottenSoulsCave,69,monster,1780.0,1281.6,320.4,178.0
ForgottenSoulsCave,70,miniboss,1800.0,2214.0,486.0,135.0
ForgottenSoulsCave,71,monster,1820.0,1310.4,327.6,182.0
ForgottenSoulsCave,72,monster,1840.0,1324.8,331.2,184.0
ForgottenSoulsCave,73,monster,1860.0,1339.2,334.8,186.0
ForgottenSoulsCave,74,monster,1880.0,1353.6,338.4,188.0
ForgottenSoulsCave,75,monster,1900.0,1368.0,342.0,190.0
ForgottenSoulsCave,76,monster,1920.0,1382.4,345.6,192.0
ForgottenSoulsCave,77,monster,1940.0,1396.8,349.2,194.0
ForgottenSoulsCave,78,monster,1960.0,1411.2,352.8,196.0
ForgottenSoulsCave,79,monster,1980.0,1425.6,356.4,198.0
ForgottenSoulsCave,80,miniboss,2000.0,2460.0,540.0,150.0
ForgottenSoulsCave,81,monster,2020.0,1454.4,363.6,202.0
ForgottenSoulsCave,82,monster,2040.0,1468.8,367.2,204.0
ForgottenSoulsCave,83,monster,2060.0,1483.2,370.8,206.0
ForgottenSoulsCave,84,monster,2080.0,1497.6,374.4,208.0
ForgottenSoulsCave,85,monster,2100.0,1512.0,378.0,210.0
ForgottenSoulsCave,86,monster,2120.0,1526.4,381.6,212.0
ForgottenSoulsCave,87,monster,2140.0,1540.8,385.2,214.0
ForgottenSoulsCave,88,monster,2160.0,1555.2,388.8,216.0
ForgottenSoulsCave,89,monster,2180.0,1569.6,392.4,218.0
ForgottenSoulsCave,90,miniboss,2200.0,2706.0,594.0,165.0
ForgottenSoulsCave,91,monster,2220.0,1598.4,399.6,222.0
ForgottenSoulsCave,92,monster,2240.0,1612.8,403.2,224.0
ForgottenSoulsCave,93,monster,2260.0,1627.2,406.8,226.0
ForgottenSoulsCave,94,monster,2280.0,1641.6,410.4,228.0
ForgottenSoulsCave,95,monster,2300.0,1656.0,414.0,230.0
ForgottenSoulsCave,96,monster,2320.0,1670.4,417.6,232.0
ForgottenSoulsCave,97,monster,2340.0,1684.8,421.2,234.0
ForgottenSoulsCave,98,monster,2360.0,1699.2,424.8,236.0
ForgottenSoulsCave,99,monster,2380.0,1713.6,428.4,238.0
ForgottenSoulsCave,100,boss100,2400.0,7680.0,1920.0,288.0
IcyThroneGenerator,1,monster,525.0,378.0,94.5,52.5
IcyThroneGenerator,2,monster,550.0,396.0,99.0,55.0
IcyThroneGenerator,3,monster,575.0,414.0,103.5,57.5
IcyThroneGenerator,4,monster,600.0,432.0,108.0,60.0
IcyThroneGenerator,5,monster,625.0,450.0,112.5,62.5
IcyThroneGenerator,6,monster,650.0,468.0,117.0,65.0
IcyThroneGenerator,7,monster,675.0,486.0,121.5,67.5
IcyThroneGenerator,8,monster,700.0,504.0,126.0,70.0
IcyThroneGenerator,9,monster,725.0,522.0,130.5,72.5
IcyThroneGenerator,10,miniboss,750.0,922.5,202.5,56.25
IcyThroneGenerator,11,monster,775.0,558.0,139.5,77.5
IcyThroneGenerator,12,monster,800.0,576.0,144.0,80.0
IcyThroneGenerator,13,monster,825.0,594.0,148.5,82.5
IcyThroneGenerator,14,monster,850.0,612.0,153.0,85.0
IcyThroneGenerator,15,monster,875.0,630.0,157.5,87.5
IcyThroneGenerator,16,monster,900.0,648.0,162.0,90.0
IcyThroneGenerator,17,monster,925.0,666.0,166.5,92.5
IcyThroneGenerator,18,monster,950.0,684.0,171.0,95.0
IcyThroneGenerator,19,monster,975.0,702.0,175.5,97.5
IcyThroneGenerator,20,miniboss,1000.0,1230.0,270.0,75.0
IcyThroneGenerator,21,monster,1025.0,738.0,184.5,102.5
IcyThroneGenerator,22,monster,1050.0,756.0,189.0,105.0
IcyThroneGenerator,23,monster,1075.0,774.0,193.5,107.5
IcyThroneGenerator,24,monster,1100.0,792.0,198.0,110.0
IcyThroneGenerator,25,monster,1125.0,810.0,202.5,112.5
IcyThroneGenerator,26,monster,1150.0,828.0,207.0,115.0
IcyThroneGenerator,27,monster,1175.0,846.0,211.5,117.5
IcyThroneGenerator,28,monster,1200.0,864.0,216.0,120.0
IcyThroneGenerator,29,monster,1225.0,882.0,220.5,122.5
IcyThroneGenerator,30,miniboss,1250.0,1537.5,337.5,93.75
IcyThroneGenerator,31,monster,1275.0,918.0,229.5,127.5
IcyThroneGenerator,32,monster,1300.0,936.0,234.0,130.0
IcyThroneGenerator,33,monster,1325.0,954.0,238.5,132.5
IcyThroneGenerator,34,monster,1350.0,972.0,243.0,135.0
IcyThroneGenerator,35,monster,1375.0,990.0,247.5,137.5
IcyThroneGenerator,36,monster,1400.0,1008.0,252.0,140.0
IcyThroneGenerator,37,monster,1425.0,1026.0,256.5,142.5
IcyThroneGenerator,38,monster,1450.0,1044.0,261.0,145.0
IcyThroneGenerator,39,monster,1475.0,1062.0,265.5,147.5
IcyThroneGenerator,40,miniboss,1500.0,1845.0,405.0,112.5
IcyThroneGenerator,41,monster,1525.0,1098.0,274.5,152.5
IcyThroneGenerator,42,monster,1550.0,1116.0,279.0,155.0
IcyThroneGenerator,43,monster,1575.0,1134.0,283.5,157.5
IcyThroneGenerator,44,monster,1600.0,1152.0,288.0,160.0
IcyThroneGenerator,45,monster,1625.0,1170.0,292.5,162.5
IcyThroneGenerator,46,monster,1650.0,1188.0,297.0,165.0
IcyThroneGenerator,47,monster,1675.0,1206.0,301.5,167.5
IcyThroneGenerator,48,monster,1700.0,1224.0,306.0,170.0
IcyThroneGenerator,49,monster,1725.0,1242.0,310.5,172.5
IcyThroneGenerator,50,boss50,1750.0,3412.5,787.5,175.0
IcyThroneGenerator,51,monster,1775.0,1278.0,319.5,177.5
IcyThroneGenerator,52,monster,1800.0,1296.0,324.0,180.0
IcyThroneGenerator,53,monster,1825.0,1314.0,328.5,182.5
IcyThroneGenerator,54,monster,1850.0,1332.0,333.0,185.0
IcyThroneGenerator,55,monster,1875.0,1350.0,337.5,187.5
IcyThroneGenerator,56,monster,1900.0,1368.0,342.0,190.0
IcyThroneGenerator,57,monster,1925.0,1386.0,346.5,192.5
IcyThroneGenerator,58,monster,1950.0,1404.0,351.0,195.0
IcyThroneGenerator,59,monster,1975.0,1422.0,355.5,197.5
IcyThroneGenerator,60,miniboss,2000.0,2460.0,540.0,150.0
IcyThroneGenerator,61,monster,2025.0,1458.0,364.5,202.5
IcyThroneGenerator,62,monster,2050.0,1476.0,369.0,205.0
IcyThroneGenerator,63,monster,2075.0,1494.0,373.5,207.5
IcyThroneGenerator,64,monster,2100.0,1512.0,378.0,210.0
IcyThroneGenerator,65,monster,2125.0,1530.0,382.5,212.5
IcyThroneGenerator,66,monster,2150.0,1548.0,387.0,215.0
IcyThroneGenerator,67,monster,2175.0,1566.0,391.5,217.5
IcyThroneGenerator,68,monster,2200.0,1584.0,396.0,220.0
IcyThroneGenerator,69,monster,2225.0,1602.0,400.5,222.5
IcyThroneGenerator,70,miniboss,2250.0,2767.5,607.5,168.75
IcyThroneGenerator,71,monster,2275.0,1638.0,409.5,227.5
IcyThroneGenerator,72,monster,2300.0,1656.0,414.0,230.0
IcyThroneGenerator,73,monster,2325.0,1674.0,418.5,232.5
IcyThroneGenerator,74,monster,2350.0,1692.0,423.0,235.0
IcyThroneGenerator,75,monster,2375.0,1710.0,427.5,237.5
IcyThroneGenerator,76,monster,2400.0,1728.0,432.0,240.0
IcyThroneGenerator,77,monster,2425.0,1746.0,436.5,242.5
IcyThroneGenerator,78,monster,2450.0,1764.0,441.0,245.0
IcyThroneGenerator,79,monster,2475.0,1782.0,445.5,247.5
IcyThroneGenerator,80,miniboss,2500.0,3075.0,675.0,187.5
IcyThroneGenerator,81,monster,2525.0,1818.0,454.5,252.5
IcyThroneGenerator,82,monster,2550.0,1836.0,459.0,255.0
IcyThroneGenerator,83,monster,2575.0,1854.0,463.5,257.5
IcyThroneGenerator,84,monster,2600.0,1872.0,468.0,260.0
IcyThroneGenerator,85,monster,2625.0,1890.0,472.5,262.5
IcyThroneGenerator,86,monster,2650.0,1908.0,477.0,265.0
IcyThroneGenerator,87,monster,2675.0,1926.0,481.5,267.5
IcyThroneGenerator,88,monster,2700.0,1944.0,486.0,270.0
IcyThroneGenerator,89,monster,2725.0,1962.0,490.5,272.5
IcyThroneGenerator,90,miniboss,2750.0,3382.5,742.5,206.25
IcyThroneGenerator,91,monster,2775.0,1998.0,499.5,277.5
IcyThroneGenerator,92,monster,2800.0,2016.0,504.0,280.0
IcyThroneGenerator,93,monster,2825.0,2034.0,508.5,282.5
IcyThroneGenerator,94,monster,2850.0,2052.0,513.0,285.0
IcyThroneGenerator,95,monster,2875.0,2070.0,517.5,287.5
IcyThroneGenerator,96,monster,2900.0,2088.0,522.0,290.0
IcyThroneGenerator,97,monster,2925.0,2106.0,526.5,292.5
IcyThroneGenerator,98,monster,2950.0,2124.0,531.0,295.0
IcyThroneGenerator,99,monster,2975.0,2142.0,535.5,297.5
IcyThroneGenerator,100,boss100,3000.0,9600.0,2400.0,360.0
SeaSerpentLairGenerator,1,monster,630.0,453.6,113.4,63.0
SeaSerpentLairGenerator,2,monster,660.0,475.2,118.8,66.0
SeaSerpentLairGenerator,3,monster,690.0,496.8,124.2,69.0
SeaSerpentLairGenerator,4,monster,720.0,518.4,129.6,72.0
SeaSerpentLairGenerator,5,monster,750.0,540.0,135.0,75.0
SeaSerpentLairGenerator,6,monster,780.0,561.6,140.4,78.0
SeaSerpentLairGenerator,7,monster,810.0,583.2,145.8,81.0
SeaSerpentLairGenerator,8,monster,840.0,604.8,151.2,84.0
SeaSerpentLairGenerator,9,monster,870.0,626.4,156.6,87.0
SeaSerpentLairGenerator,10,miniboss,900.0,1107.0,243.0,67.5
SeaSerpentLairGenerator,11,monster,930.0,669.6,167.4,93.0
SeaSerpentLairGenerator,12,monster,960.0,691.2,172.8,96.0
SeaSerpentLairGenerator,13,monster,990.0,712.8,178.2,99.0
SeaSerpentLairGenerator,14,monster,1020.0,734.4,183.6,102.0
SeaSerpentLairGenerator,15,monster,1050.0,756.0,189.0,105.0
SeaSerpentLairGenerator,16,monster,1080.0,777.6,194.4,108.0
SeaSerpentLairGenerator,17,monster,1110.0,799.2,199.8,111.0
SeaSerpentLairGenerator,18,monster,1140.0,820.8,205.2,114.0
SeaSerpentLairGenerator,19,monster,1170.0,842.4,210.6,117.0
SeaSerpentLairGenerator,20,miniboss,1200.0,1476.0,324.0,90.0
SeaSerpentLairGenerator,21,monster,1230.0,885.6,221.4,123.0
SeaSerpentLairGenerator,22,monster,1260.0,907.2,226.8,126.0
SeaSerpentLairGenerator,23,monster,1290.0,928.8,232.2,129.0
SeaSerpentLairGenerator,24,monster,1320.0,950.4,237.6,132.0
SeaSerpentLairGenerator,25,monster,1350.0,972.0,243.0,135.0
SeaSerpentLairGenerator,26,monster,1380.0,993.6,248.4,138.0
SeaSerpentLairGenerator,27,monster,1410.0,1015.2,253.8,141.0
SeaSerpentLairGenerator,28,monster,1440.0,1036.8,259.2,144.0
SeaSerpentLairGenerator,29,monster,1470.0,1058.4,264.6,147.0
SeaSerpentLairGenerator,30,miniboss,1500.0,1845.0,405.0,112.5
SeaSerpentLairGenerator,31,monster,1530.0,1101.6,275.4,153.0
SeaSerpentLairGenerator,32,monster,1560.0,1123.2,280.8,156.0
SeaSerpentLairGenerator,33,monster,1590.0,1144.8,286.2,159.0
SeaSerpentLairGenerator,34,monster,1620.0,1166.4,291.6,162.0
SeaSerpentLairGenerator,35,monster,1650.0,1188.0,297.0,165.0
SeaSerpentLairGenerator,36,monster,1680.0,1209.6,302.4,168.0
SeaSerpentLairGenerator,37,monster,1710.0,1231.2,307.8,171.0
SeaSerpentLairGenerator,38,monster,1740.0,1252.8,313.2,174.0
SeaSerpentLairGenerator,39,monster,1770.0,1274.4,318.6,177.0
SeaSerpentLairGenerator,40,miniboss,1800.0,2214.0,486.0,135.0
SeaSerpentLairGenerator,41,monster,1830.0,1317.6,329.4,183.0
SeaSerpentLairGenerator,42,monster,1860.0,1339.2,334.8,186.0
SeaSerpentLairGenerator,43,monster,1890.0,1360.8,340.2,189.0
SeaSerpentLairGenerator,44,monster,1920.0,1382.4,345.6,192.0
SeaSerpentLairGenerator,45,monster,1950.0,1404.0,351.0,195.0
SeaSerpentLairGenerator,46,monster,1980.0,1425.6,356.4,198.0
SeaSerpentLairGenerator,47,monster,2010.0,1447.2,361.8,201.0
SeaSerpentLairGenerator,48,monster,2040.0,1468.8,367.2,204.0
SeaSerpentLairGenerator,49,monster,2070.0,1490.4,372.6,207.0
SeaSerpentLairGenerator,50,boss50,2100.0,4095.0,945.0,210.0
SeaSerpentLairGenerator,51,monster,2130.0,1533.6,383.4,213.0
SeaSerpentLairGenerator,52,monster,2160.0,1555.2,388.8,216.0
SeaSerpentLairGenerator,53,monster,2190.0,1576.8,394.2,219.0
SeaSerpentLairGenerator,54,monster,2220.0,1598.4,399.6,222.0
SeaSerpentLairGenerator,55,monster,2250.0,1620.0,405.0,225.0
SeaSerpentLairGenerator,56,monster,2280.0,1641.6,410.4,228.0
SeaSerpentLairGenerator,57,monster,2310.0,1663.2,415.8,231.0
SeaSerpentLairGenerator,58,monster,2340.0,1684.8,421.2,234.0
SeaSerpentLairGenerator,59,monster,2370.0,1706.4,426.6,237.0
SeaSerpentLairGenerator,60,miniboss,2400.0,2952.0,648.0,180.0
SeaSerpentLairGenerator,61,monster,2430.0,1749.6,437.4,243.0
SeaSerpentLairGenerator,62,monster,2460.0,1771.2,442.8,246.0
SeaSerpentLairGenerator,63,monster,2490.0,1792.8,448.2,249.0
SeaSerpentLairGenerator,64,monster,2520.0,1814.4,453.6,252.0
SeaSerpentLairGenerator,65,monster,2550.0,1836.0,459.0,255.0
SeaSerpentLairGenerator,66,monster,2580.0,1857.6,464.4,258.0
SeaSerpentLairGenerator,67,monster,2610.0,1879.2,469.8,261.0
SeaSerpentLairGenerator,68,monster,2640.0,1900.8,475.2,264.0
SeaSerpentLairGenerator,69,monster,2670.0,1922.4,480.6,267.0
SeaSerpentLairGenerator,70,miniboss,2700.0,3321.0,729.0,202.5
SeaSerpentLairGenerator,71,monster,2730.0,1965.6,491.4,273.0
SeaSerpentLairGenerator,72,monster,2760.0,1987.2,496.8,276.0
SeaSerpentLairGenerator,73,monster,2790.0,2008.8,502.2,279.0
SeaSerpentLairGenerator,74,monster,2820.0,2030.4,507.6,282.0
SeaSerpentLairGenerator,75,monster,2850.0,2052.0,513.0,285.0
SeaSerpentLairGenerator,76,monster,2880.0,2073.6,518.4,288.0
SeaSerpentLairGenerator,77,monster,2910.0,2095.2,523.8,291.0
SeaSerpentLairGenerator,78,monster,2940.0,2116.8,529.2,294.0
SeaSerpentLairGenerator,79,monster,2970.0,2138.4,534.6,297.0
SeaSerpentLairGenerator,80,miniboss,3000.0,3690.0,810.0,225.0
SeaSerpentLairGenerator,81,monster,3030.0,2181.6,545.4,303.0
SeaSerpentLairGenerator,82,monster,3060.0,2203.2,550.8,306.0
SeaSerpentLairGenerator,83,monster,3090.0,2224.8,556.2,309.0
SeaSerpentLairGenerator,84,monster,3120.0,2246.4,561.6,312.0
SeaSerpentLairGenerator,85,monster,3150.0,2268.0,567.0,315.0
SeaSerpentLairGenerator,86,monster,3180.0,2289.6,572.4,318.0
SeaSerpentLairGenerator,87,monster,3210.0,2311.2,577.8,321.0
SeaSerpentLairGenerator,88,monster,3240.0,2332.8,583.2,324.0
SeaSerpentLairGenerator,89,monster,3270.0,2354.4,588.6,327.0
SeaSerpentLairGenerator,90,miniboss,3300.0,4059.0,891.0,247.5
SeaSerpentLairGenerator,91,monster,3330.0,2397.6,599.4,333.0
SeaSerpentLairGenerator,92,monster,3360.0,2419.2,604.8,336.0
SeaSerpentLairGenerator,93,monster,3390.0,2440.8,610.2,339.0
SeaSerpentLairGenerator,94,monster,3420.0,2462.4,615.6,342.0
SeaSerpentLairGenerator,95,monster,3450.0,2484.0,621.0,345.0
SeaSerpentLairGenerator,96,monster,3480.0,2505.6,626.4,348.0
SeaSerpentLairGenerator,97,monster,3510.0,2527.2,631.8,351.0
SeaSerpentLairGenerator,98,monster,3540.0,2548.8,637.2,354.0
SeaSerpentLairGenerator,99,monster,3570.0,2570.4,642.6,357.0
SeaSerpentLairGenerator,100,boss100,3600.0,11520.0,2880.0,432.0
BlackDragonLair,1,monster,735.0,529.2,132.3,73.5
BlackDragonLair,2,monster,770.0,554.4,138.6,77.0
BlackDragonLair,3,monster,805.0,579.6,144.9,80.5
BlackDragonLair,4,monster,840.0,604.8,151.2,84.0
BlackDragonLair,5,monster,875.0,630.0,157.5,87.5
BlackDragonLair,6,monster,910.0,655.2,163.8,91.0
BlackDragonLair,7,monster,945.0,680.4,170.1,94.5
BlackDragonLair,8,monster,980.0,705.6,176.4,98.0
BlackDragonLair,9,monster,1015.0,730.8,182.7,101.5
BlackDragonLair,10,miniboss,1050.0,1291.5,283.5,78.75
BlackDragonLair,11,monster,1085.0,781.2,195.3,108.5
BlackDragonLair,12,monster,1120.0,806.4,201.6,112.0
BlackDragonLair,13,monster,1155.0,831.6,207.9,115.5
BlackDragonLair,14,monster,1190.0,856.8,214.2,119.0
BlackDragonLair,15,monster,1225.0,882.0,220.5,122.5
BlackDragonLair,16,monster,1260.0,907.2,226.8,126.0
BlackDragonLair,17,monster,1295.0,932.4,233.1,129.5
BlackDragonLair,18,monster,1330.0,957.6,239.4,133.0
BlackDragonLair,19,monster,1365.0,982.8,245.7,136.5
BlackDragonLair,20,miniboss,1400.0,1722.0,378.0,105.0
BlackDragonLair,21,monster,1435.0,1033.2,258.3,143.5
BlackDragonLair,22,monster,1470.0,1058.4,264.6,147.0
BlackDragonLair,23,monster,1505.0,1083.6,270.9,150.5
BlackDragonLair,24,monster,1540.0,1108.8,277.2,154.0
BlackDragonLair,25,monster,1575.0,1134.0,283.5,157.5
BlackDragonLair,26,monster,1610.0,1159.2,289.8,161.0
BlackDragonLair,27,monster,1645.0,1184.4,296.1,164.5
BlackDragonLair,28,monster,1680.0,1209.6,302.4,168.0
BlackDragonLair,29,monster,1715.0,1234.8,308.7,171.5
BlackDragonLair,30,miniboss,1750.0,2152.5,472.5,131.25
BlackDragonLair,31,monster,1785.0,1285.2,321.3,178.5
BlackDragonLair,32,monster,1820.0,1310.4,327.6,182.0
BlackDragonLair,33,monster,1855.0,1335.6,333.9,185.5
BlackDragonLair,34,monster,1890.0,1360.8,340.2,189.0
BlackDragonLair,35,monster,1925.0,1386.0,346.5,192.5
BlackDragonLair,36,monster,1960.0,1411.2,352.8,196.0
BlackDragonLair,37,monster,1995.0,1436.4,359.1,199.5
BlackDragonLair,38,monster,2030.0,1461.6,365.4,203.0
BlackDragonLair,39,monster,2065.0,1486.8,371.7,206.5
BlackDragonLair,40,miniboss,2100.0,2583.0,567.0,157.5
BlackDragonLair,41,monster,2135.0,1537.2,384.3,213.5
BlackDragonLair,42,monster,2170.0,1562.4,390.6,217.0
BlackDragonLair,43,monster,2205.0,1587.6,396.9,220.5
BlackDragonLair,44,monster,2240.0,1612.8,403.2,224.0
BlackDragonLair,45,monster,2275.0,1638.0,409.5,227.5
BlackDragonLair,46,monster,2310.0,1663.2,415.8,231.0
BlackDragonLair,47,monster,2345.0,1688.4,422.1,234.5
BlackDragonLair,48,monster,2380.0,1713.6,428.4,238.0
BlackDragonLair,49,monster,2415.0,1738.8,434.7,241.5
BlackDragonLair,50,boss50,2450.0,4777.5,1102.5,245.0
BlackDragonLair,51,monster,2485.0,1789.2,447.3,248.5
BlackDragonLair,52,monster,2520.0,1814.4,453.6,252.0
BlackDragonLair,53,monster,2555.0,1839.6,459.9,255.5
BlackDragonLair,54,monster,2590.0,1864.8,466.2,259.0
BlackDragonLair,55,monster,2625.0,1890.0,472.5,262.5
BlackDragonLair,56,monster,2660.0,1915.2,478.8,266.0
BlackDragonLair,57,monster,2695.0,1940.4,485.1,269.5
BlackDragonLair,58,monster,2730.0,1965.6,491.4,273.0
BlackDragonLair,59,monster,2765.0,1990.8,497.7,276.5
BlackDragonLair,60,miniboss,2800.0,3444.0,756.0,210.0
BlackDragonLair,61,monster,2835.0,2041.2,510.3,283.5
BlackDragonLair,62,monster,2870.0,2066.4,516.6,287.0
BlackDragonLair,63,monster,2905.0,2091.6,522.9,290.5
BlackDragonLair,64,monster,2940.0,2116.8,529.2,294.0
BlackDragonLair,65,monster,2975.0,2142.0,535.5,297.5
BlackDragonLair,66,monster,3010.0,2167.2,541.8,301.0
BlackDragonLair,67,monster,3045.0,2192.4,548.1,304.5
BlackDragonLair,68,monster,3080.0,2217.6,554.4,308.0
BlackDragonLair,69,monster,3115.0,2242.8,560.7,311.5
BlackDragonLair,70,miniboss,3150.0,3874.5,850.5,236.25
BlackDragonLair,71,monster,3185.0,2293.2,573.3,318.5
BlackDragonLair,72,monster,3220.0,2318.4,579.6,322.0
BlackDragonLair,73,monster,3255.0,2343.6,585.9,325.5
BlackDragonLair,74,monster,3290.0,2368.8,592.2,329.0
BlackDragonLair,75,monster,3325.0,2394.0,598.5,332.5
BlackDragonLair,76,monster,3360.0,2419.2,604.8,336.0
BlackDragonLair,77,monster,3395.0,2444.4,611.1,339.5
BlackDragonLair,78,monster,3430.0,2469.6,617.4,343.0
BlackDragonLair,79,monster,3465.0,2494.8,623.7,346.5
BlackDragonLair,80,miniboss,3500.0,4305.0,945.0,262.5
BlackDragonLair,81,monster,3535.0,2545.2,636.3,353.5
BlackDragonLair,82,monster,3570.0,2570.4,642.6,357.0
BlackDragonLair,83,monster,3605.0,2595.6,648.9,360.5
BlackDragonLair,84,monster,3640.0,2620.8,655.2,364.0
BlackDragonLair,85,monster,3675.0,2646.0,661.5,367.5
BlackDragonLair,86,monster,3710.0,2671.2,667.8,371.0
BlackDragonLair,87,monster,3745.0,2696.4,674.1,374.5
BlackDragonLair,88,monster,3780.0,2721.6,680.4,378.0
BlackDragonLair,89,monster,3815.0,2746.8,686.7,381.5
BlackDragonLair,90,miniboss,3850.0,4735.5,1039.5,288.75
BlackDragonLair,91,monster,3885.0,2797.2,699.3,388.5
BlackDragonLair,92,monster,3920.0,2822.4,705.6,392.0
BlackDragonLair,93,monster,3955.0,2847.6,711.9,395.5
BlackDragonLair,94,monster,3990.0,2872.8,718.2,399.0
BlackDragonLair,95,monster,4025.0,2898.0,724.5,402.5
BlackDragonLair,96,monster,4060.0,2923.2,730.8,406.0
BlackDragonLair,97,monster,4095.0,2948.4,737.1,409.5
BlackDragonLair,98,monster,4130.0,2973.6,743.4,413.0
BlackDragonLair,99,monster,4165.0,2998.8,749.7,416.5
BlackDragonLair,100,boss100,4200.0,13440.0,3360.0,504.0
PantheonOfGodsGenerator,1,monster,840.0,604.8,151.2,84.0
PantheonOfGodsGenerator,2,monster,880.0,633.6,158.4,88.0
PantheonOfGodsGenerator,3,monster,920.0,662.4,165.6,92.0
PantheonOfGodsGenerator,4,monster,960.0,691.2,172.8,96.0
PantheonOfGodsGenerator,5,monster,1000.0,720.0,180.0,100.0
PantheonOfGodsGenerator,6,monster,1040.0,748.8,187.2,104.0
PantheonOfGodsGenerator,7,monster,1080.0,777.6,194.4,108.0
PantheonOfGodsGenerator,8,monster,1120.0,806.4,201.6,112.0
PantheonOfGodsGenerator,9,monster,1160.0,835.2,208.8,116.0
PantheonOfGodsGenerator,10,miniboss,1200.0,1476.0,324.0,90.0
PantheonOfGodsGenerator,11,monster,1240.0,892.8,223.2,124.0
PantheonOfGodsGenerator,12,monster,1280.0,921.6,230.4,128.0
PantheonOfGodsGenerator,13,monster,1320.0,950.4,237.6,132.0
PantheonOfGodsGenerator,14,monster,1360.0,979.2,244.8,136.0
PantheonOfGodsGenerator,15,monster,1400.0,1008.0,252.0,140.0
PantheonOfGodsGenerator,16,monster,1440.0,1036.8,259.2,144.0
PantheonOfGodsGenerator,17,monster,1480.0,1065.6,266.4,148.0
PantheonOfGodsGenerator,18,monster,1520.0,1094.4,273.6,152.0
PantheonOfGodsGenerator,19,monster,1560.0,1123.2,280.8,156.0
PantheonOfGodsGenerator,20,miniboss,1600.0,1968.0,432.0,120.0
PantheonOfGodsGenerator,21,monster,1640.0,1180.8,295.2,164.0
PantheonOfGodsGenerator,22,monster,1680.0,1209.6,302.4,168.0
PantheonOfGodsGenerator,23,monster,1720.0,1238.4,309.6,172.0
PantheonOfGodsGenerator,24,monster,1760.0,1267.2,316.8,176.0
PantheonOfGodsGenerator,25,monster,1800.0,1296.0,324.0,180.0
PantheonOfGodsGenerator,26,monster,1840.0,1324.8,331.2,184.0
PantheonOfGodsGenerator,27,monster,1880.0,1353.6,338.4,188.0
PantheonOfGodsGenerator,28,monster,1920.0,1382.4,345.6,192.0
PantheonOfGodsGenerator,29,monster,1960.0,1411.2,352.8,196.0
PantheonOfGodsGenerator,30,miniboss,2000.0,2460.0,540.0,150.0
PantheonOfGodsGenerator,31,monster,2040.0,1468.8,367.2,204.0
PantheonOfGodsGenerator,32,monster,2080.0,1497.6,374.4,208.0
PantheonOfGodsGenerator,33,monster,2120.0,1526.4,381.6,212.0
PantheonOfGodsGenerator,34,monster,2160.0,1555.2,388.8,216.0
PantheonOfGodsGenerator,35,monster,2200.0,1584.0,396.0,220.0
PantheonOfGodsGenerator,36,monster,2240.0,1612.8,403.2,224.0
PantheonOfGodsGenerator,37,monster,2280.0,1641.6,410.4,228.0
PantheonOfGodsGenerator,38,monster,2320.0,1670.4,417.6,232.0
PantheonOfGodsGenerator,39,monster,2360.0,1699.2,424.8,236.0
PantheonOfGodsGenerator,40,miniboss,2400.0,2952.0,648.0,180.0
PantheonOfGodsGenerator,41,monster,2440.0,1756.8,439.2,244.0
PantheonOfGodsGenerator,42,monster,2480.0,1785.6,446.4,248.0
PantheonOfGodsGenerator,43,monster,2520.0,1814.4,453.6,252.0
PantheonOfGodsGenerator,44,monster,2560.0,1843.2,460.8,256.0
PantheonOfGodsGenerator,45,monster,2600.0,1872.0,468.0,260.0
PantheonOfGodsGenerator,46,monster,2640.0,1900.8,475.2,264.0
PantheonOfGodsGenerator,47,monster,2680.0,1929.6,482.4,268.0
PantheonOfGodsGenerator,48,monster,2720.0,1958.4,489.6,272.0
PantheonOfGodsGenerator,49,monster,2760.0,1987.2,496.8,276.0
PantheonOfGodsGenerator,50,boss50,2800.0,5460.0,1260.0,280.0
PantheonOfGodsGenerator,51,monster,2840.0,2044.8,511.2,284.0
PantheonOfGodsGenerator,52,monster,2880.0,2073.6,518.4,288.0
PantheonOfGodsGenerator,53,monster,2920.0,2102.4,525.6,292.0
PantheonOfGodsGenerator,54,monster,2960.0,2131.2,532.8,296.0
PantheonOfGodsGenerator,55,monster,3000.0,2160.0,540.0,300.0
PantheonOfGodsGenerator,56,monster,3040.0,2188.8,547.2,304.0
PantheonOfGodsGenerator,57,monster,3080.0,2217.6,554.4,308.0
PantheonOfGodsGenerator,58,monster,3120.0,2246.4,561.6,312.0
PantheonOfGodsGenerator,59,monster,3160.0,2275.2,568.8,316.0
PantheonOfGodsGenerator,60,miniboss,3200.0,3936.0,864.0,240.0
PantheonOfGodsGenerator,61,monster,3240.0,2332.8,583.2,324.0
PantheonOfGodsGenerator,62,monster,3280.0,2361.6,590.4,328.0
PantheonOfGodsGenerator,63,monster,3320.0,2390.4,597.6,332.0
PantheonOfGodsGenerator,64,monster,3360.0,2419.2,604.8,336.0
PantheonOfGodsGenerator,65,monster,3400.0,2448.0,612.0,340.0
PantheonOfGodsGenerator,66,monster,3440.0,2476.8,619.2,344.0
PantheonOfGodsGenerator,67,monster,3480.0,2505.6,626.4,348.0
PantheonOfGodsGenerator,68,monster,3520.0,2534.4,633.6,352.0
PantheonOfGodsGenerator,69,monster,3560.0,2563.2,640.8,356.0
PantheonOfGodsGenerator,70,miniboss,3600.0,4428.0,972.0,270.0
PantheonOfGodsGenerator,71,monster,3640.0,2620.8,655.2,364.0
PantheonOfGodsGenerator,72,monster,3680.0,2649.6,662.4,368.0
PantheonOfGodsGenerator,73,monster,3720.0,2678.4,669.6,372.0
PantheonOfGodsGenerator,74,monster,3760.0,2707.2,676.8,376.0
PantheonOfGodsGenerator,75,monster,3800.0,2736.0,684.0,380.0
PantheonOfGodsGenerator,76,monster,3840.0,2764.8,691.2,384.0
PantheonOfGodsGenerator,77,monster,3880.0,2793.6,698.4,388.0
PantheonOfGodsGenerator,78,monster,3920.0,2822.4,705.6,392.0
PantheonOfGodsGenerator,79,monster,3960.0,2851.2,712.8,396.0
PantheonOfGodsGenerator,80,miniboss,4000.0,4920.0,1080.0,300.0
PantheonOfGodsGenerator,81,monster,4040.0,2908.8,727.2,404.0
PantheonOfGodsGenerator,82,monster,4080.0,2937.6,734.4,408.0
PantheonOfGodsGenerator,83,monster,4120.0,2966.4,741.6,412.0
PantheonOfGodsGenerator,84,monster,4160.0,2995.2,748.8,416.0
PantheonOfGodsGenerator,85,monster,4200.0,3024.0,756.0,420.0
PantheonOfGodsGenerator,86,monster,4240.0,3052.8,763.2,424.0
PantheonOfGodsGenerator,87,monster,4280.0,3081.6,770.4,428.0
PantheonOfGodsGenerator,88,monster,4320.0,3110.4,777.6,432.0
PantheonOfGodsGenerator,89,monster,4360.0,3139.2,784.8,436.0
PantheonOfGodsGenerator,90,miniboss,4400.0,5412.0,1188.0,330.0
PantheonOfGodsGenerator,91,monster,4440.0,3196.8,799.2,444.0
PantheonOfGodsGenerator,92,monster,4480.0,3225.6,806.4,448.0
PantheonOfGodsGenerator,93,monster,4520.0,3254.4,813.6,452.0
PantheonOfGodsGenerator,94,monster,4560.0,3283.2,820.8,456.0
PantheonOfGodsGenerator,95,monster,4600.0,3312.0,828.0,460.0
PantheonOfGodsGenerator,96,monster,4640.0,3340.8,835.2,464.0
PantheonOfGodsGenerator,97,monster,4680.0,3369.6,842.4,468.0
PantheonOfGodsGenerator,98,monster,4720.0,3398.4,849.6,472.0
PantheonOfGodsGenerator,99,monster,4760.0,3427.2,856.8,476.0
PantheonOfGodsGenerator,100,boss100,4800.0,15360.0,3840.0,576.0
